BotNum,fronter_data,fronter_data_max,fronter_diff,aligner_data,aligner_data_max,aligner_diff
1,1.890613663538088,1.8433517098860435,0.04726195365204444,1.6181158622542515,1.4330006448449848,0.18511521740926673
4,1.8125051841718238,1.7424413955689,0.07006378860292384,1.708486389650747,1.6621216908244199,0.0463646988263271
8,1.7593547610482863,1.6793943648516139,0.07996039619667239,1.6147659971719772,1.5759641427331492,0.038801854438828
16,1.822298829058847,1.762618003598989,0.0596808254598582,1.5657869271659242,1.477993269258313,0.08779365790761107
21,1.7225723999142903,1.6586292956609299,0.06394310425336047,1.5653117813691844,1.4736854203246157,0.09162636104456867
53,1.6651056240691162,1.6273957677925042,0.03770985627661205,1.5633025954293016,1.5393811971539348,0.023921398275366768
