diameter,fronter_data,fronter_data_max,fronter_diff,aligner_data,aligner_data_max,aligner_diff
7,1.3451197559429273,1.209949994281137,0.1351697616617904,1.2290984957238065,1.2032529807402246,0.025845514983581896
12,1.6595479277509515,1.4697573805449837,0.18979054720596777,1.4696575540329384,1.2925408504625926,0.1771167035703458
18,1.751223630862416,1.6515297116438727,0.09969391921854331,1.453409728161974,1.3427578708414245,0.1106518573205495
28,1.7645924424943742,1.7004972913983,0.06409515109607411,1.6326252057904793,1.5440106189279748,0.08861458686250456
32,1.816885158772394,1.7111663736596465,0.10571878511274746,1.6745531985875868,1.6319955919890978,0.04255760659848895
