,diameters,fronter,aligner
0,7,0.12863758043758045,0.12451987073819591
1,12,0.191932114971298,0.1011157142857143
2,18,0.15968816772405078,0.05023422077922078
3,28,0.10425649054142204,0.07992402597402598
4,32,0.1482383729478069,0.09960256493506495
