,x_fronters [Bot No. in arena],y_fronters_k_steady_state,fronter_error,x_aligners[Bot No. in arena],y_aligners_k_steady_state,aligner error
0,1,0.1580280077505725,0.0715505953256423,1,0.11399188876013905,0.06413285177509219
1,4,0.8970859181141438,0.1822530758776781,4,0.4195259938837921,0.11318683420451804
2,8,1.497432389937107,0.19275681868441982,8,1.2168764568764567,0.14092499321684626
3,16,2.195824421388667,0.29804830685265327,16,1.7429195979899497,0.19199100579347358
4,21,2.5445972969245623,0.5156299185464727,21,2.2781607077036488,0.25465106989331465
5,53,4.021108342394588,0.46200731254189875,53,2.0999647817460314,0.30961394915619106
