,x_fronters [diameter_kappa],y_fronters_density_lambda,fronter_lambda_error,x_aligners[diameter_kappa],y_aligners_density_lambda,aligner_lambda_error
0,-0.43750000000000006,0.05829266059571907,0.027583541644384264,0.43750000000000006,0.04333796012264124,0.02294304973066434
1,-0.75,0.07099429894106264,0.01679156021955126,0.75,0.04300845300411832,0.01624537615332877
2,-1.125,0.10545293821636796,0.018707811257580656,1.125,0.05709009190876217,0.015187009517316922
3,-1.7500000000000002,0.1331523794674232,0.021496726973823838,1.7500000000000002,0.0634720026210291,0.012607766484095366
4,-2.0,0.09842715275217713,0.019384575931813048,2.0,0.0655437170585154,0.010859280075917493
