,x_fronters [diameter_kappa],y_fronters_density,fronter_error,x_aligners[diameter_kappa],y_aligners_density,aligner error
0,-0.43750000000000006,0.08232793911124821,0.025019640885223536,0.43750000000000006,0.14347525544797823,0.03467164563275601
1,-0.75,0.08641032498098425,0.032991754724562825,0.75,0.1503926119076478,0.021241233898759416
2,-1.125,0.14602422352791414,0.022583910317224586,1.125,0.0946157843009698,0.01871916543253311
3,-1.7500000000000002,0.22717815553657897,0.020983640313360554,1.7500000000000002,0.11754426216086,0.016189403346335375
4,-2.0,0.21448031805856377,0.031083876716825932,2.0,0.14993756013909784,0.015955291415978547
