,x_fronters [diameter_kappa],y_fronters_density,fronter_error,x_aligners[diameter_kappa],y_aligners_density,aligner error
0,-0.43750000000000006,0.07887813061374091,0.026987782391133888,0.43750000000000006,0.08176771103081534,0.03673266438813575
1,-0.75,0.07184926054283497,0.032316739457378535,0.75,0.12099535471855612,0.021353161487962173
2,-1.125,0.13569295492166483,0.02236912672017231,1.125,0.08982290740510182,0.01681708933387323
3,-1.7500000000000002,0.2054429182007646,0.028097454018247786,1.7500000000000002,0.12689059794547158,0.014633873127503992
4,-2.0,0.2004537148806322,0.030616676232057445,2.0,0.12305140001519511,0.01587829658480053
