diameter,fronter_data,fronter_err,aligner_data,aligner_err
7,0.20370118201778445,0.03736622013560584,0.16460096872728328,0.05089576818642372
12,0.3817250060811055,0.07669765966190609,0.16901761264210552,0.02732346014907601
18,0.2706444513150378,0.0708162876501859,0.08241230468849475,0.012854769502558214
28,0.2746829540192309,0.10029149504102926,0.10269663597593173,0.011641117257535938
32,0.32914269063936785,0.10552329340582946,0.11902413842182599,0.023350757891732
