Bot_num,fronter_data,fronter_data_max,fronter_diff,aligner_data,aligner_data_max,aligner_diff
1,1.1466708033821307,1.11854498675535,0.028125816626780598,1.42423010614225,1.2644719784856842,0.15975812765656583
4,1.8332649347774699,1.7664234988079826,0.06684143596948733,1.640847632825981,1.5717369324246697,0.06911070040131118
8,1.7442267962821816,1.6663620762719014,0.07786472001028022,1.588611113194751,1.5226262867770775,0.06598482641767345
16,1.8513060669500392,1.7959259016739115,0.05538016527612766,1.622163400019205,1.532884621519218,0.08927877849998689
21,1.7721722867283543,1.7229646328304462,0.049207653897908044,1.5974763410198694,1.506100238903408,0.09137610211646141
53,1.7556934704136962,1.7036209799289286,0.052072490484767586,1.608787956383022,1.5718120896921763,0.03697586669084574
